assessmentId,scientificName,internalTaxonId,doi
1419729,Syzygium rama-varmae,175221,https://dx.doi.org/10.2305/IUCN.UK.2023-1.RLTS.T175221A1419729.en
1810810,Raorchestes jayarami,186162,https://dx.doi.org/10.2305/IUCN.UK.2023-1.RLTS.T186162A1810810.en
48886614,Minervarya sengupti,48886608,https://dx.doi.org/10.2305/IUCN.UK.2023-1.RLTS.T48886608A48886614.en
48899453,Nyctibatrachus deveni,48874314,https://dx.doi.org/10.2305/IUCN.UK.2023-1.RLTS.T48874314A48899453.en
54035787,Nyctibatrachus acanthodermis,48874474,https://dx.doi.org/10.2305/IUCN.UK.2023-1.RLTS.T48874474A54035787.en
54149121,Nyctibatrachus gavi,48874286,https://dx.doi.org/10.2305/IUCN.UK.2023-1.RLTS.T48874286A54149121.en
54149239,Nyctibatrachus grandis,48874266,https://dx.doi.org/10.2305/IUCN.UK.2023-1.RLTS.T48874266A54149239.en
54149411,Nyctibatrachus indraneili,48874250,https://dx.doi.org/10.2305/IUCN.UK.2023-1.RLTS.T48874250A54149411.en
54149566,Nyctibatrachus jog,48874225,https://dx.doi.org/10.2305/IUCN.UK.2023-1.RLTS.T48874225A54149566.en
54149735,Nyctibatrachus pillaii,48874189,https://dx.doi.org/10.2305/IUCN.UK.2023-1.RLTS.T48874189A54149735.en
54149741,Nyctibatrachus periyar,48874217,https://dx.doi.org/10.2305/IUCN.UK.2023-1.RLTS.T48874217A54149741.en
54459738,Nyctibatrachus vrijeuni,48873111,https://dx.doi.org/10.2305/IUCN.UK.2023-1.RLTS.T48873111A54459738.en
56110474,Megophrys megacephala,48872923,https://dx.doi.org/10.2305/IUCN.UK.2023-1.RLTS.T48872923A56110474.en
61780186,Lagerstroemia hypoleuca,61780183,https://dx.doi.org/10.2305/IUCN.UK.2024-2.RLTS.T61780183A61780186.en
61985350,Podophyllum hexandrum,61985348,https://dx.doi.org/10.2305/IUCN.UK.2024-1.RLTS.T61985348A61985350.en
61987625,Canarium euphyllum,61987623,https://dx.doi.org/10.2305/IUCN.UK.2024-1.RLTS.T61987623A61987625.en
61987933,Mesua ferrea,61987931,https://dx.doi.org/10.2305/IUCN.UK.2024-2.RLTS.T61987931A61987933.en
62020480,Phoebe bootanica,177756483,https://dx.doi.org/10.2305/IUCN.UK.2023-1.RLTS.T177756483A62020480.en
62038698,Citrus indica,62038695,https://dx.doi.org/10.2305/IUCN.UK.2024-2.RLTS.T62038695A62038698.en
63853189,Amolops monticola,208598052,https://dx.doi.org/10.2305/IUCN.UK.2023-1.RLTS.T208598052A63853189.en
73787000,Raorchestes aureus,73786986,https://dx.doi.org/10.2305/IUCN.UK.2023-1.RLTS.T73786986A73787000.en
73787322,Raorchestes blandus,73787038,https://dx.doi.org/10.2305/IUCN.UK.2023-1.RLTS.T73787038A73787322.en
73787384,Raorchestes echinatus,73787369,https://dx.doi.org/10.2305/IUCN.UK.2023-1.RLTS.T73787369A73787384.en
73788625,Hylarana flavescens,73788607,https://dx.doi.org/10.2305/IUCN.UK.2023-1.RLTS.T73788607A73788625.en
73788770,Hylarana urbis,73788764,https://dx.doi.org/10.2305/IUCN.UK.2023-1.RLTS.T73788764A73788770.en
73788787,Hylarana caesari,73788782,https://dx.doi.org/10.2305/IUCN.UK.2023-1.RLTS.T73788782A73788787.en
73788842,Hylarana magna,73788833,https://dx.doi.org/10.2305/IUCN.UK.2023-1.RLTS.T73788833A73788842.en
73959496,Micrixalus kurichiyari,73959431,https://dx.doi.org/10.2305/IUCN.UK.2023-1.RLTS.T73959431A73959496.en
73960024,Micrixalus niluvasei,73960020,https://dx.doi.org/10.2305/IUCN.UK.2023-1.RLTS.T73960020A73960024.en
73960044,Micrixalus sairandhri,73960040,https://dx.doi.org/10.2305/IUCN.UK.2023-1.RLTS.T73960040A73960044.en
73962058,Micrixalus spelunca,73961281,https://dx.doi.org/10.2305/IUCN.UK.2023-1.RLTS.T73961281A73962058.en
73963701,Micrixalus uttaraghati,73963691,https://dx.doi.org/10.2305/IUCN.UK.2023-1.RLTS.T73963691A73963701.en
73964543,Micrixalus adonis,73964539,https://dx.doi.org/10.2305/IUCN.UK.2023-1.RLTS.T73964539A73964543.en
73965406,Micrixalus mallani,73965400,https://dx.doi.org/10.2305/IUCN.UK.2023-1.RLTS.T73965400A73965406.en
73965523,Micrixalus nudis,73965533,https://dx.doi.org/10.2305/IUCN.UK.2023-1.RLTS.T73965533A73965523.en
73967869,Micrixalus sali,73967847,https://dx.doi.org/10.2305/IUCN.UK.2023-1.RLTS.T73967847A73967869.en
73967908,Micrixalus frigidus,73967876,https://dx.doi.org/10.2305/IUCN.UK.2023-1.RLTS.T73967876A73967908.en
73967921,Micrixalus nigraventris,73967915,https://dx.doi.org/10.2305/IUCN.UK.2023-1.RLTS.T73967915A73967921.en
73971896,Micrixalus specca,73971314,https://dx.doi.org/10.2305/IUCN.UK.2023-1.RLTS.T73971314A73971896.en
73971902,Micrixalus fuscus,73972049,https://dx.doi.org/10.2305/IUCN.UK.2023-1.RLTS.T73972049A73971902.en
73972656,Micrixalus herrei,73972645,https://dx.doi.org/10.2305/IUCN.UK.2023-1.RLTS.T73972645A73972656.en
86896338,Minervarya chilapata,191004,https://dx.doi.org/10.2305/IUCN.UK.2023-1.RLTS.T191004A86896338.en
86897335,Raorchestes resplendens,189814,https://dx.doi.org/10.2305/IUCN.UK.2023-1.RLTS.T189814A86897335.en
87721492,Raorchestes flaviventris,87739329,https://dx.doi.org/10.2305/IUCN.UK.2023-1.RLTS.T87739329A87721492.en
87739274,Ghatixalus magnus,87739247,https://dx.doi.org/10.2305/IUCN.UK.2023-1.RLTS.T87739247A87739274.en
112691249,Nyctibatrachus athirappillyensis,112690948,https://dx.doi.org/10.2305/IUCN.UK.2023-1.RLTS.T112690948A112691249.en
112691361,Nyctibatrachus pulivijayani,112691330,https://dx.doi.org/10.2305/IUCN.UK.2023-1.RLTS.T112691330A112691361.en
112691514,Nyctibatrachus sabarimalai,112691501,https://dx.doi.org/10.2305/IUCN.UK.2023-1.RLTS.T112691501A112691514.en
112691564,Nyctibatrachus webilla,112691545,https://dx.doi.org/10.2305/IUCN.UK.2023-1.RLTS.T112691545A112691564.en
115932401,Syzygium stocksii,253632034,https://dx.doi.org/10.2305/IUCN.UK.2024-1.RLTS.T253632034A115932401.en
115932548,Myristica malabarica,31219,https://dx.doi.org/10.2305/IUCN.UK.2024-2.RLTS.T31219A115932548.en
115932944,Aglaia malabarica,36652,https://dx.doi.org/10.2305/IUCN.UK.2023-1.RLTS.T36652A115932944.en
117645817,Elaeocarpus recurvatus,33642,https://dx.doi.org/10.2305/IUCN.UK.2024-1.RLTS.T33642A117645817.en
117894247,Canarium strictum,117894243,https://dx.doi.org/10.2305/IUCN.UK.2024-2.RLTS.T117894243A117894247.en
119040796,Syzygium occidentale,31199,https://dx.doi.org/10.2305/IUCN.UK.2023-1.RLTS.T31199A119040796.en
119040966,Syzygium parameswaranii,38821,https://dx.doi.org/10.2305/IUCN.UK.2023-1.RLTS.T38821A119040966.en
119044958,Vateria macrocarpa,31170,https://dx.doi.org/10.2305/IUCN.UK.2023-1.RLTS.T31170A119044958.en
119048739,Viburnum hebanthum,119048736,https://dx.doi.org/10.2305/IUCN.UK.2024-2.RLTS.T119048736A119048739.en
119243088,Indirana paramakri,119243084,https://dx.doi.org/10.2305/IUCN.UK.2023-1.RLTS.T119243084A119243088.en
119243164,Indirana tysoni,119243159,https://dx.doi.org/10.2305/IUCN.UK.2023-1.RLTS.T119243159A119243164.en
119243178,Indirana yadera,119243173,https://dx.doi.org/10.2305/IUCN.UK.2023-1.RLTS.T119243173A119243178.en
129336875,Palaquium polyanthum,129335824,https://dx.doi.org/10.2305/IUCN.UK.2024-1.RLTS.T129335824A129336875.en
138500009,Actinodaphne bourneae,31220,https://dx.doi.org/10.2305/IUCN.UK.2023-1.RLTS.T31220A138500009.en
138502123,Litsea leiantha,33497,https://dx.doi.org/10.2305/IUCN.UK.2023-1.RLTS.T33497A138502123.en
138508872,Actinodaphne campanulata,62565,https://dx.doi.org/10.2305/IUCN.UK.2023-1.RLTS.T62565A138508872.en
145297168,Beilschmiedia aborensis,144052276,https://dx.doi.org/10.2305/IUCN.UK.2023-1.RLTS.T144052276A145297168.en
145297198,Beilschmiedia andamanensis,144053300,https://dx.doi.org/10.2305/IUCN.UK.2023-1.RLTS.T144053300A145297198.en
145297273,Beilschmiedia brandisii,144056383,https://dx.doi.org/10.2305/IUCN.UK.2023-1.RLTS.T144056383A145297273.en
145297963,Beilschmiedia sikkimensis,145290519,https://dx.doi.org/10.2305/IUCN.UK.2023-1.RLTS.T145290519A145297963.en
145415813,Cinnamomum bhaskarii,145301615,https://dx.doi.org/10.2305/IUCN.UK.2023-1.RLTS.T145301615A145415813.en
145415823,Cinnamomum bishnupadae,145301728,https://dx.doi.org/10.2305/IUCN.UK.2023-1.RLTS.T145301728A145415823.en
145415833,Cinnamomum blandfordii,145301965,https://dx.doi.org/10.2305/IUCN.UK.2023-1.RLTS.T145301965A145415833.en
145416111,Cinnamomum kingdon-wardii,145310645,https://dx.doi.org/10.2305/IUCN.UK.2023-1.RLTS.T145310645A145416111.en
145416166,Cinnamomum lohitensis,145311979,https://dx.doi.org/10.2305/IUCN.UK.2023-1.RLTS.T145311979A145416166.en
145416471,Cinnamomum sanjappae,145344026,https://dx.doi.org/10.2305/IUCN.UK.2023-1.RLTS.T145344026A145416471.en
145416576,Cinnamomum suvrae,145404323,https://dx.doi.org/10.2305/IUCN.UK.2023-1.RLTS.T145404323A145416576.en
147294060,Euphorbia vajravelui,37611,https://dx.doi.org/10.2305/IUCN.UK.2023-1.RLTS.T37611A147294060.en
149680186,Mysticellus franki,149680126,https://dx.doi.org/10.2305/IUCN.UK.2023-1.RLTS.T149680126A149680186.en
149682627,Leptobrachella lateralis,149682598,https://dx.doi.org/10.2305/IUCN.UK.2023-1.RLTS.T149682598A149682627.en
149812631,Syzygium palghatense,31200,https://dx.doi.org/10.2305/IUCN.UK.2023-1.RLTS.T31200A149812631.en
149813923,Syzygium bourdillonii,32866,https://dx.doi.org/10.2305/IUCN.UK.2023-1.RLTS.T32866A149813923.en
150087543,Megophrys flavipunctata,150087536,https://dx.doi.org/10.2305/IUCN.UK.2023-1.RLTS.T150087536A150087543.en
150087783,Megophrys himalayana,150087712,https://dx.doi.org/10.2305/IUCN.UK.2023-1.RLTS.T150087712A150087783.en
150087885,Megophrys oreocrypta,150087877,https://dx.doi.org/10.2305/IUCN.UK.2023-1.RLTS.T150087877A150087885.en
150087902,Megophrys periosa,150087897,https://dx.doi.org/10.2305/IUCN.UK.2023-1.RLTS.T150087897A150087902.en
150088664,Microhyla laterite,150088659,https://dx.doi.org/10.2305/IUCN.UK.2023-1.RLTS.T150088659A150088664.en
150219899,Alseodaphne owdenii,150213910,https://dx.doi.org/10.2305/IUCN.UK.2024-2.RLTS.T150213910A150219899.en
150219924,Lindera melastomacea,150215092,https://dx.doi.org/10.2305/IUCN.UK.2024-2.RLTS.T150215092A150219924.en
153622583,Litsea membranifolia,152958245,https://dx.doi.org/10.2305/IUCN.UK.2023-1.RLTS.T152958245A153622583.en
153622783,Litsea coelestis,153112765,https://dx.doi.org/10.2305/IUCN.UK.2024-1.RLTS.T153112765A153622783.en
153622868,Litsea oleoides,153115088,https://dx.doi.org/10.2305/IUCN.UK.2023-1.RLTS.T153115088A153622868.en
153622903,Litsea assamica,153116010,https://dx.doi.org/10.2305/IUCN.UK.2023-1.RLTS.T153116010A153622903.en
153622908,Litsea mishmiensis,153116061,https://dx.doi.org/10.2305/IUCN.UK.2023-1.RLTS.T153116061A153622908.en
156580466,Hylarana aurantiaca,209668480,https://dx.doi.org/10.2305/IUCN.UK.2023-1.RLTS.T209668480A156580466.en
156940901,Syzygium avene,155993997,https://dx.doi.org/10.2305/IUCN.UK.2024-1.RLTS.T155993997A156940901.en
157563361,Actinodaphne andamanica,157146680,https://dx.doi.org/10.2305/IUCN.UK.2023-1.RLTS.T157146680A157563361.en
157563506,Actinodaphne longipes,157150683,https://dx.doi.org/10.2305/IUCN.UK.2023-1.RLTS.T157150683A157563506.en
158892410,Vitex wimberleyi,158847184,https://dx.doi.org/10.2305/IUCN.UK.2023-1.RLTS.T158847184A158892410.en
159054357,Callicarpa moldenkeana,159051467,https://dx.doi.org/10.2305/IUCN.UK.2024-2.RLTS.T159051467A159054357.en
159443752,Cryptocarya andamanica,159074166,https://dx.doi.org/10.2305/IUCN.UK.2023-1.RLTS.T159074166A159443752.en
159443782,Cryptocarya balakrishnanii,159079094,https://dx.doi.org/10.2305/IUCN.UK.2023-1.RLTS.T159079094A159443782.en
159443812,Cryptocarya burkillii,159079733,https://dx.doi.org/10.2305/IUCN.UK.2023-1.RLTS.T159079733A159443812.en
159443837,Cryptocarya cavei,159080036,https://dx.doi.org/10.2305/IUCN.UK.2023-1.RLTS.T159080036A159443837.en
159443877,Cryptocarya dekae,159080601,https://dx.doi.org/10.2305/IUCN.UK.2023-1.RLTS.T159080601A159443877.en
159443962,Cryptocarya insularis,159103471,https://dx.doi.org/10.2305/IUCN.UK.2023-1.RLTS.T159103471A159443962.en
159444007,Cryptocarya lawsonii,159104035,https://dx.doi.org/10.2305/IUCN.UK.2023-1.RLTS.T159104035A159444007.en
159444152,Cryptocarya simonsii,159121187,https://dx.doi.org/10.2305/IUCN.UK.2023-1.RLTS.T159121187A159444152.en
166095955,Ghatophryne ornata,54478,https://dx.doi.org/10.2305/IUCN.UK.2023-1.RLTS.T54478A166095955.en
166096204,Duttaphrynus beddomii,54584,https://dx.doi.org/10.2305/IUCN.UK.2023-1.RLTS.T54584A166096204.en
166096349,Duttaphrynus brevirostris,54593,https://dx.doi.org/10.2305/IUCN.UK.2023-1.RLTS.T54593A166096349.en
166096562,Beduka koynayensis,54684,https://dx.doi.org/10.2305/IUCN.UK.2023-1.RLTS.T54684A166096562.en
166098755,Amolops chakrataensis,58203,https://dx.doi.org/10.2305/IUCN.UK.2023-1.RLTS.T58203A166098755.en
166099369,Minervarya keralensis,58273,https://dx.doi.org/10.2305/IUCN.UK.2023-1.RLTS.T58273A166099369.en
166100666,Indirana beddomii,197660098,https://dx.doi.org/10.2305/IUCN.UK.2023-1.RLTS.T197660098A166100666.en
166101287,Walkerana leptodactyla,58312,https://dx.doi.org/10.2305/IUCN.UK.2023-1.RLTS.T58312A166101287.en
166101476,Walkerana phrynoderma,58314,https://dx.doi.org/10.2305/IUCN.UK.2023-1.RLTS.T58314A166101476.en
166102173,Micrixalus elegans,58377,https://dx.doi.org/10.2305/IUCN.UK.2023-1.RLTS.T58377A166102173.en
166102249,Micrixalus gadgili,58379,https://dx.doi.org/10.2305/IUCN.UK.2023-1.RLTS.T58379A166102249.en
166102352,Micrixalus phyllophilus,58383,https://dx.doi.org/10.2305/IUCN.UK.2023-1.RLTS.T58383A166102352.en
166102455,Micrixalus silvaticus,58385,https://dx.doi.org/10.2305/IUCN.UK.2023-1.RLTS.T58385A166102455.en
166102542,Micrixalus thampii,58387,https://dx.doi.org/10.2305/IUCN.UK.2023-1.RLTS.T58387A166102542.en
166102719,Nyctibatrachus aliciae,58395,https://dx.doi.org/10.2305/IUCN.UK.2023-1.RLTS.T58395A166102719.en
166102930,Nyctibatrachus karnatakaensis,58399,https://dx.doi.org/10.2305/IUCN.UK.2023-1.RLTS.T58399A166102930.en
166103114,Nyctibatrachus major,58401,https://dx.doi.org/10.2305/IUCN.UK.2023-1.RLTS.T58401A166103114.en
166103238,Nyctibatrachus minor,58402,https://dx.doi.org/10.2305/IUCN.UK.2023-1.RLTS.T58402A166103238.en
166103339,Nyctibatrachus sanctipalustris,58403,https://dx.doi.org/10.2305/IUCN.UK.2023-1.RLTS.T58403A166103339.en
166103461,Nyctibatrachus sylvaticus,58404,https://dx.doi.org/10.2305/IUCN.UK.2023-1.RLTS.T58404A166103461.en
166104490,Ingerana charlesdarwini,58571,https://dx.doi.org/10.2305/IUCN.UK.2023-1.RLTS.T58571A166104490.en
166105738,Chirixalus dudhwaensis,58788,https://dx.doi.org/10.2305/IUCN.UK.2023-1.RLTS.T58788A166105738.en
166106548,Raorchestes chalazodes,58829,https://dx.doi.org/10.2305/IUCN.UK.2023-1.RLTS.T58829A166106548.en
166106955,Raorchestes glandulosus,58847,https://dx.doi.org/10.2305/IUCN.UK.2023-1.RLTS.T58847A166106955.en
166107068,Raorchestes griet,58849,https://dx.doi.org/10.2305/IUCN.UK.2023-1.RLTS.T58849A166107068.en
166107469,Philautus namdaphaensis,58876,https://dx.doi.org/10.2305/IUCN.UK.2023-1.RLTS.T58876A166107469.en
166107945,Raorchestes signatus,58903,https://dx.doi.org/10.2305/IUCN.UK.2023-1.RLTS.T58903A166107945.en
166108604,Raorchestes tinniens,58926,https://dx.doi.org/10.2305/IUCN.UK.2023-1.RLTS.T58926A166108604.en
166108743,Raorchestes travancoricus,58927,https://dx.doi.org/10.2305/IUCN.UK.2023-1.RLTS.T58927A166108743.en
166109531,Rhacophorus calcadensis,58983,https://dx.doi.org/10.2305/IUCN.UK.2023-1.RLTS.T58983A166109531.en
166109981,Ghatixalus variabilis,59027,https://dx.doi.org/10.2305/IUCN.UK.2023-1.RLTS.T59027A166109981.en
166111992,Uperodon assamensis,61850,https://dx.doi.org/10.2305/IUCN.UK.2023-1.RLTS.T61850A166111992.en
166112244,Raorchestes nerostagona,61885,https://dx.doi.org/10.2305/IUCN.UK.2023-1.RLTS.T61885A166112244.en
166112666,Megophrys zunhebotoensis,135879,https://dx.doi.org/10.2305/IUCN.UK.2023-1.RLTS.T135879A166112666.en
166113102,Nyctibatrachus minimus,136045,https://dx.doi.org/10.2305/IUCN.UK.2023-1.RLTS.T136045A166113102.en
166113212,Minervarya nicobariensis,136049,https://dx.doi.org/10.2305/IUCN.UK.2023-1.RLTS.T136049A166113212.en
166113999,Amolops assamensis,158638,https://dx.doi.org/10.2305/IUCN.UK.2023-1.RLTS.T158638A166113999.en
166114332,Nyctibatrachus dattatreyaensis,173018,https://dx.doi.org/10.2305/IUCN.UK.2023-1.RLTS.T173018A166114332.en
166114872,Raorchestes chotta,186160,https://dx.doi.org/10.2305/IUCN.UK.2023-1.RLTS.T186160A166114872.en
166115005,Raorchestes coonoorensis,186161,https://dx.doi.org/10.2305/IUCN.UK.2023-1.RLTS.T186161A166115005.en
166115130,Raorchestes kaikatti,186163,https://dx.doi.org/10.2305/IUCN.UK.2023-1.RLTS.T186163A166115130.en
166115426,Raorchestes marki,186165,https://dx.doi.org/10.2305/IUCN.UK.2023-1.RLTS.T186165A166115426.en
166115575,Raorchestes sushili,186166,https://dx.doi.org/10.2305/IUCN.UK.2023-1.RLTS.T186166A166115575.en
166115729,Raorchestes chromasynchysi,187830,https://dx.doi.org/10.2305/IUCN.UK.2023-1.RLTS.T187830A166115729.en
166115894,Beduka amboli,189700,https://dx.doi.org/10.2305/IUCN.UK.2023-1.RLTS.T189700A166115894.en
166116623,Nyctibatrachus kumbara,78521208,https://dx.doi.org/10.2305/IUCN.UK.2023-1.RLTS.T78521208A166116623.en
166116648,Megophrys oropedion,79080668,https://dx.doi.org/10.2305/IUCN.UK.2023-1.RLTS.T79080668A166116648.en
166116653,Mercurana myristicapalustris,79095367,https://dx.doi.org/10.2305/IUCN.UK.2023-1.RLTS.T79095367A166116653.en
166116673,Beddomixalus bijui,79719834,https://dx.doi.org/10.2305/IUCN.UK.2023-1.RLTS.T79719834A166116673.en
166116688,Megophrys vegrandis,88368304,https://dx.doi.org/10.2305/IUCN.UK.2023-1.RLTS.T88368304A166116688.en
166116708,Nyctibatrachus anamallaiensis,88378128,https://dx.doi.org/10.2305/IUCN.UK.2023-1.RLTS.T88378128A166116708.en
166116733,Indirana salelkari,89183211,https://dx.doi.org/10.2305/IUCN.UK.2023-1.RLTS.T89183211A166116733.en
166116920,Minervarya manoharani,121370882,https://dx.doi.org/10.2305/IUCN.UK.2023-1.RLTS.T121370882A166116920.en
166116971,Minervarya goemchi,165414176,https://dx.doi.org/10.2305/IUCN.UK.2023-1.RLTS.T165414176A166116971.en
166156075,Micrixalus kottigeharensis,88369128,https://dx.doi.org/10.2305/IUCN.UK.2023-1.RLTS.T88369128A166156075.en
166156380,Nyctibatrachus beddomii,88378424,https://dx.doi.org/10.2305/IUCN.UK.2023-1.RLTS.T88378424A166156380.en
166156541,Nyctibatrachus deccanensis,88378891,https://dx.doi.org/10.2305/IUCN.UK.2023-1.RLTS.T88378891A166156541.en
169055603,Atuna travancorica,33608,https://dx.doi.org/10.2305/IUCN.UK.2024-2.RLTS.T33608A169055603.en
169056351,Calophyllum austroindicum,169056310,https://dx.doi.org/10.2305/IUCN.UK.2024-2.RLTS.T169056310A169056351.en
169056798,Calophyllum pascalianum,169056377,https://dx.doi.org/10.2305/IUCN.UK.2024-2.RLTS.T169056377A169056798.en
169056985,Capparis rheedei,169056981,https://dx.doi.org/10.2305/IUCN.UK.2024-2.RLTS.T169056981A169056985.en
169588922,Hopea jacobi,31169,https://dx.doi.org/10.2305/IUCN.UK.2023-1.RLTS.T31169A169588922.en
169589096,Hopea glabra,33018,https://dx.doi.org/10.2305/IUCN.UK.2023-1.RLTS.T33018A169589096.en
169589143,Hopea racophloea,33022,https://dx.doi.org/10.2305/IUCN.UK.2023-1.RLTS.T33022A169589143.en
169589185,Hopea utilis,33023,https://dx.doi.org/10.2305/IUCN.UK.2023-1.RLTS.T33023A169589185.en
169589635,Reinwardtiodendron anamalaiense,169578317,https://dx.doi.org/10.2305/IUCN.UK.2024-2.RLTS.T169578317A169589635.en
172581635,Alseodaphnopsis petiolaris,172580995,https://dx.doi.org/10.2305/IUCN.UK.2024-1.RLTS.T172580995A172581635.en
172607067,Dehaasia assamica,172587745,https://dx.doi.org/10.2305/IUCN.UK.2023-1.RLTS.T172587745A172607067.en
172913103,Lindera andamanica,172738069,https://dx.doi.org/10.2305/IUCN.UK.2023-1.RLTS.T172738069A172913103.en
173472237,Cynometra bourdillonii,31185,https://dx.doi.org/10.2305/IUCN.UK.2024-1.RLTS.T31185A173472237.en
175597951,Machilus kingii,175597058,https://dx.doi.org/10.2305/IUCN.UK.2023-1.RLTS.T175597058A175597951.en
175655465,Cryptocoryne sivadasanii,175655434,https://dx.doi.org/10.2305/IUCN.UK.2023-1.RLTS.T175655434A175655465.en
175746105,Phoebe angustifolia,175615495,https://dx.doi.org/10.2305/IUCN.UK.2023-1.RLTS.T175615495A175746105.en
176691123,Sloanea tomentosa,31275,https://dx.doi.org/10.2305/IUCN.UK.2023-1.RLTS.T31275A176691123.en
176691179,Antidesma khasianum,176680211,https://dx.doi.org/10.2305/IUCN.UK.2023-1.RLTS.T176680211A176691179.en
176861755,Ormosia robusta,176856760,https://dx.doi.org/10.2305/IUCN.UK.2023-1.RLTS.T176856760A176861755.en
176861795,Syzygium khasianum,176857958,https://dx.doi.org/10.2305/IUCN.UK.2023-1.RLTS.T176857958A176861795.en
177944173,Premna debiana,177944137,https://dx.doi.org/10.2305/IUCN.UK.2024-1.RLTS.T177944137A177944173.en
177944419,Premna milleflora,177944393,https://dx.doi.org/10.2305/IUCN.UK.2024-2.RLTS.T177944393A177944419.en
177969102,Dipcadi goaense,177962982,https://dx.doi.org/10.2305/IUCN.UK.2023-1.RLTS.T177962982A177969102.en
179054978,Dasymaschalon longiflorum,179054974,https://dx.doi.org/10.2305/IUCN.UK.2024-1.RLTS.T179054974A179054978.en
179207816,Goniothalamus thwaitesii,179207814,https://dx.doi.org/10.2305/IUCN.UK.2024-1.RLTS.T179207814A179207816.en
180593985,Calidris ferruginea,22693431,https://dx.doi.org/10.2305/IUCN.UK.2024-2.RLTS.T22693431A180593985.en
181389582,Megophrys awuh,181140345,https://dx.doi.org/10.2305/IUCN.UK.2023-1.RLTS.T181140345A181389582.en
181391525,Megophrys dzukou,181141076,https://dx.doi.org/10.2305/IUCN.UK.2023-1.RLTS.T181141076A181391525.en
181516499,Blythophryne beryet,181473105,https://dx.doi.org/10.2305/IUCN.UK.2023-1.RLTS.T181473105A181516499.en
181893398,Megophrys numhbumaeng,181140883,https://dx.doi.org/10.2305/IUCN.UK.2023-1.RLTS.T181140883A181893398.en
185287991,Alphonsea zeylanica,176848640,https://dx.doi.org/10.2305/IUCN.UK.2024-1.RLTS.T176848640A185287991.en
186884436,Pecteilis triflora,186884431,https://dx.doi.org/10.2305/IUCN.UK.2023-1.RLTS.T186884431A186884436.en
186885121,Crepidium aphyllum,184539455,https://dx.doi.org/10.2305/IUCN.UK.2023-1.RLTS.T184539455A186885121.en
186885369,Peristylus sahanii,186884507,https://dx.doi.org/10.2305/IUCN.UK.2023-1.RLTS.T186884507A186885369.en
186885384,Eulophia obtusa,186884978,https://dx.doi.org/10.2305/IUCN.UK.2023-1.RLTS.T186884978A186885384.en
186885394,Habenaria sahyadrica,186885185,https://dx.doi.org/10.2305/IUCN.UK.2023-1.RLTS.T186885185A186885394.en
187022622,Murdannia assamica,187022603,https://dx.doi.org/10.2305/IUCN.UK.2024-1.RLTS.T187022603A187022622.en
187022673,Murdannia brownii,187022663,https://dx.doi.org/10.2305/IUCN.UK.2024-1.RLTS.T187022663A187022673.en
187024275,Murdannia saddlepeakensis,187024265,https://dx.doi.org/10.2305/IUCN.UK.2024-1.RLTS.T187024265A187024275.en
187025974,Murdannia sanjappae,187025460,https://dx.doi.org/10.2305/IUCN.UK.2024-1.RLTS.T187025460A187025974.en
188972478,Oberonia bopannae,186301014,https://dx.doi.org/10.2305/IUCN.UK.2023-1.RLTS.T186301014A188972478.en
191546963,Adelocaryum lambertianum,191546628,https://dx.doi.org/10.2305/IUCN.UK.2023-1.RLTS.T191546628A191546963.en
191547198,Adelocaryum malabaricum,191547129,https://dx.doi.org/10.2305/IUCN.UK.2023-1.RLTS.T191547129A191547198.en
191547574,Amorphophallus smithsonianus,191547570,https://dx.doi.org/10.2305/IUCN.UK.2024-1.RLTS.T191547570A191547574.en
191681934,Distimake rhyncorhiza,191681904,https://dx.doi.org/10.2305/IUCN.UK.2023-1.RLTS.T191681904A191681934.en
197729585,Cryptocoryne cognata,168904,https://dx.doi.org/10.2305/IUCN.UK.2023-1.RLTS.T168904A197729585.en
197729797,Cryptocoryne consobrina,175218,https://dx.doi.org/10.2305/IUCN.UK.2023-1.RLTS.T175218A197729797.en
197945974,Raorchestes keirasabinae,197945955,https://dx.doi.org/10.2305/IUCN.UK.2023-1.RLTS.T197945955A197945974.en
201031094,Humboldtia bourdillonii,31187,https://dx.doi.org/10.2305/IUCN.UK.2024-2.RLTS.T31187A201031094.en
201031154,Dialium travancoricum,33645,https://dx.doi.org/10.2305/IUCN.UK.2023-1.RLTS.T33645A201031154.en
201031235,Prioria pinnata,33647,https://dx.doi.org/10.2305/IUCN.UK.2023-1.RLTS.T33647A201031235.en
201031315,Aporosa bourdillonii,38758,https://dx.doi.org/10.2305/IUCN.UK.2023-1.RLTS.T38758A201031315.en
201031378,Humboldtia brunonis,201030934,https://dx.doi.org/10.2305/IUCN.UK.2024-2.RLTS.T201030934A201031378.en
201031398,Syzygium periyarense,201031081,https://dx.doi.org/10.2305/IUCN.UK.2023-1.RLTS.T201031081A201031398.en
202740770,Semecarpus kurzii,202483877,https://dx.doi.org/10.2305/IUCN.UK.2024-1.RLTS.T202483877A202740770.en
202740785,Semecarpus prainii,202483996,https://dx.doi.org/10.2305/IUCN.UK.2024-1.RLTS.T202483996A202740785.en
202740790,Semecarpus subpanduriformis,202484066,https://dx.doi.org/10.2305/IUCN.UK.2024-1.RLTS.T202484066A202740790.en
202740876,Brownlowia elata,202532388,https://dx.doi.org/10.2305/IUCN.UK.2023-1.RLTS.T202532388A202740876.en
202740976,Grewia nagensium,202536352,https://dx.doi.org/10.2305/IUCN.UK.2024-1.RLTS.T202536352A202740976.en
202741202,Pterospermum aceroides,202732050,https://dx.doi.org/10.2305/IUCN.UK.2024-1.RLTS.T202732050A202741202.en
206909976,Glochidion andamanicum,206837366,https://dx.doi.org/10.2305/IUCN.UK.2024-1.RLTS.T206837366A206909976.en
209009666,Ochna gamblei,208974595,https://dx.doi.org/10.2305/IUCN.UK.2023-1.RLTS.T208974595A209009666.en
210018953,Pandanus palakkadensis,210014331,https://dx.doi.org/10.2305/IUCN.UK.2024-2.RLTS.T210014331A210018953.en
210023075,Syzygium neesianum,30891,https://dx.doi.org/10.2305/IUCN.UK.2024-2.RLTS.T30891A210023075.en
210023175,Syzygium caryophyllatum,38036,https://dx.doi.org/10.2305/IUCN.UK.2024-1.RLTS.T38036A210023175.en
210023247,Syzygium calophyllifolium,210010463,https://dx.doi.org/10.2305/IUCN.UK.2023-1.RLTS.T210010463A210023247.en
210023277,Ficus beddomei,210013452,https://dx.doi.org/10.2305/IUCN.UK.2023-1.RLTS.T210013452A210023277.en
210023282,Ficus costata,210013545,https://dx.doi.org/10.2305/IUCN.UK.2023-1.RLTS.T210013545A210023282.en
210023287,Ficus dalhousiae,210013949,https://dx.doi.org/10.2305/IUCN.UK.2023-1.RLTS.T210013949A210023287.en
211814001,Garcinia succifolia,211716588,https://dx.doi.org/10.2305/IUCN.UK.2024-1.RLTS.T211716588A211814001.en
213399586,Chionanthus sumatranus,213352738,https://dx.doi.org/10.2305/IUCN.UK.2024-1.RLTS.T213352738A213399586.en
215199554,Lepidagathis clavata,215199522,
218880247,Perdicula manipurensis,22679012,https://dx.doi.org/10.2305/IUCN.UK.2024-2.RLTS.T22679012A218880247.en
218986656,Syrmaticus humiae,22679330,https://dx.doi.org/10.2305/IUCN.UK.2023-1.RLTS.T22679330A218986656.en
218992481,Meyna pubescens,200533196,https://dx.doi.org/10.2305/IUCN.UK.2024-1.RLTS.T200533196A218992481.en
220912087,Lepisanthes andamanica,220761693,https://dx.doi.org/10.2305/IUCN.UK.2024-1.RLTS.T220761693A220912087.en
222292347,Syzygium sasidharanii,222291660,https://dx.doi.org/10.2305/IUCN.UK.2023-1.RLTS.T222291660A222292347.en
222292384,Syzygium agastyamalayanum,222291715,https://dx.doi.org/10.2305/IUCN.UK.2023-1.RLTS.T222291715A222292384.en
222292498,Syzygium ponmudianum,222292291,https://dx.doi.org/10.2305/IUCN.UK.2023-1.RLTS.T222292291A222292498.en
223447603,Buchanania barberi,31181,
223484923,Tringa guttifer,22693225,https://dx.doi.org/10.2305/IUCN.UK.2024-2.RLTS.T22693225A223484923.en
224134652,Planchonella longipetiolata,224100285,https://dx.doi.org/10.2305/IUCN.UK.2024-1.RLTS.T224100285A224134652.en
224134657,Gymnocladus burmanicus,224088253,https://dx.doi.org/10.2305/IUCN.UK.2024-1.RLTS.T224088253A224134657.en
224134662,Albizia umbrosa,224071357,https://dx.doi.org/10.2305/IUCN.UK.2024-2.RLTS.T224071357A224134662.en
224134682,Tarenna helferi,224106293,https://dx.doi.org/10.2305/IUCN.UK.2024-1.RLTS.T224106293A224134682.en
224134702,Vaccinium piliferum,224109482,https://dx.doi.org/10.2305/IUCN.UK.2024-2.RLTS.T224109482A224134702.en
224134732,Syzygium praetermissum,224101293,https://dx.doi.org/10.2305/IUCN.UK.2024-1.RLTS.T224101293A224134732.en
224134792,Dillenia mansonii,224085585,https://dx.doi.org/10.2305/IUCN.UK.2024-1.RLTS.T224085585A224134792.en
224134827,Allophylus subfalcatus,224071631,https://dx.doi.org/10.2305/IUCN.UK.2024-1.RLTS.T224071631A224134827.en
224134837,Syzygium venustum,224101709,https://dx.doi.org/10.2305/IUCN.UK.2024-1.RLTS.T224101709A224134837.en
224811039,Spilornis klossi,22729465,https://dx.doi.org/10.2305/IUCN.UK.2023-1.RLTS.T22729465A224811039.en
225970391,Madhuca balakrishnanii,225970375,https://dx.doi.org/10.2305/IUCN.UK.2023-1.RLTS.T225970375A225970391.en
226499542,Elaeocarpus weibelii,226499453,https://dx.doi.org/10.2305/IUCN.UK.2024-1.RLTS.T226499453A226499542.en
226834730,Myristica magnifica,37314,https://dx.doi.org/10.2305/IUCN.UK.2024-2.RLTS.T37314A226834730.en
228009889,Wrightia indica,228007161,https://dx.doi.org/10.2305/IUCN.UK.2024-1.RLTS.T228007161A228009889.en
228009899,Croton gibsonianus,228007388,https://dx.doi.org/10.2305/IUCN.UK.2024-1.RLTS.T228007388A228009899.en
230038665,Accipiter butleri,22695494,https://dx.doi.org/10.2305/IUCN.UK.2023-1.RLTS.T22695494A230038665.en
230253271,Sousa plumbea,82031633,https://dx.doi.org/10.2305/IUCN.UK.2023-1.RLTS.T82031633A230253271.en
231194805,Dipterocarpus alatus,33007,https://dx.doi.org/10.2305/IUCN.UK.2023-1.RLTS.T33007A231194805.en
234075458,Pellorneum palustre,22715856,https://dx.doi.org/10.2305/IUCN.UK.2024-2.RLTS.T22715856A234075458.en
239579829,Strobilanthes kunthiana,239578615,https://dx.doi.org/10.2305/IUCN.UK.2024-1.RLTS.T239578615A239579829.en
239579834,Impatiens parasitica,239578975,https://dx.doi.org/10.2305/IUCN.UK.2024-1.RLTS.T239578975A239579834.en
239579839,Medinilla anamalaiana,239579056,https://dx.doi.org/10.2305/IUCN.UK.2023-1.RLTS.T239579056A239579839.en
239856209,Ixora agasthyamalayana,239855551,https://dx.doi.org/10.2305/IUCN.UK.2024-1.RLTS.T239855551A239856209.en
239905382,Psychotria nudiflora,239905380,https://dx.doi.org/10.2305/IUCN.UK.2024-2.RLTS.T239905380A239905382.en
239905392,Psychotria anamallayana,239905390,https://dx.doi.org/10.2305/IUCN.UK.2024-2.RLTS.T239905390A239905392.en
239905442,Nothopegia travancorica,239905440,https://dx.doi.org/10.2305/IUCN.UK.2024-2.RLTS.T239905440A239905442.en
239905602,Ficus cupulata,239905600,https://dx.doi.org/10.2305/IUCN.UK.2024-2.RLTS.T239905600A239905602.en
239905632,Ehretia wightiana,239905630,https://dx.doi.org/10.2305/IUCN.UK.2024-2.RLTS.T239905630A239905632.en
239906078,Psychotria connata,239906076,https://dx.doi.org/10.2305/IUCN.UK.2024-2.RLTS.T239906076A239906078.en
241500854,Mulleripicus pulverulentus,22681585,https://dx.doi.org/10.2305/IUCN.UK.2023-1.RLTS.T22681585A241500854.en
242530926,Dipcadi saxorum,242376348,https://dx.doi.org/10.2305/IUCN.UK.2024-2.RLTS.T242376348A242530926.en
244637841,Asarcornis scutulata,22680064,https://dx.doi.org/10.2305/IUCN.UK.2024-2.RLTS.T22680064A244637841.en
247298014,Coleus idukkianus,247297998,https://dx.doi.org/10.2305/IUCN.UK.2024-1.RLTS.T247297998A247298014.en
247654386,Chelonia mydas,4615,https://dx.doi.org/10.2305/IUCN.UK.2023-1.RLTS.T4615A247654386.en
249695988,Montecincla jerdoni,103874145,https://dx.doi.org/10.2305/IUCN.UK.2024-2.RLTS.T103874145A249695988.en
249819859,Montecincla meridionalis,103874754,https://dx.doi.org/10.2305/IUCN.UK.2024-2.RLTS.T103874754A249819859.en
250442182,Paradoxornis flavirostris,22716795,https://dx.doi.org/10.2305/IUCN.UK.2024-2.RLTS.T22716795A250442182.en
250900824,Argya longirostris,22716358,https://dx.doi.org/10.2305/IUCN.UK.2024-2.RLTS.T22716358A250900824.en
253660338,Liocichla bugunorum,22734628,https://dx.doi.org/10.2305/IUCN.UK.2024-2.RLTS.T22734628A253660338.en
254095929,Ceropegia evansii,254095810,https://dx.doi.org/10.2305/IUCN.UK.2024-1.RLTS.T254095810A254095929.en
254095961,Ceropegia mohanramii,254095865,https://dx.doi.org/10.2305/IUCN.UK.2024-1.RLTS.T254095865A254095961.en
254375039,Pluvialis squatarola,22693749,https://dx.doi.org/10.2305/IUCN.UK.2024-2.RLTS.T22693749A254375039.en
254475508,Ochradenus lakhpatensis,254475077,https://dx.doi.org/10.2305/IUCN.UK.2024-2.RLTS.T254475077A254475508.en
254576956,Panthera pardus,15954,https://dx.doi.org/10.2305/IUCN.UK.2024-1.RLTS.T15954A254576956.en
256354281,Calidris subruficollis,22693447,https://dx.doi.org/10.2305/IUCN.UK.2024-2.RLTS.T22693447A256354281.en
256426742,Bos javanicus,2888,https://dx.doi.org/10.2305/IUCN.UK.2024-2.RLTS.T2888A256426742.en
257323525,Calidris falcinellus,22693464,https://dx.doi.org/10.2305/IUCN.UK.2024-2.RLTS.T22693464A257323525.en
258108195,Belocercus longicaudus,22685513,https://dx.doi.org/10.2305/IUCN.UK.2024-2.RLTS.T22685513A258108195.en
259025524,Acinonyx jubatus,219,https://dx.doi.org/10.2305/IUCN.UK.2024-1.RLTS.T219A259025524.en
259343689,Arctonyx collaris,70205537,https://dx.doi.org/10.2305/IUCN.UK.2024-2.RLTS.T70205537A259343689.en
259357017,Trachypithecus geei,22037,https://dx.doi.org/10.2305/IUCN.UK.2024-2.RLTS.T22037A259357017.en
259357527,Trachypithecus pileatus,22041,https://dx.doi.org/10.2305/IUCN.UK.2024-2.RLTS.T22041A259357527.en
261429932,Diospyros crumenata,30864,https://dx.doi.org/10.2305/IUCN.UK.2023-1.RLTS.T30864A261429932.en
266696959,Panthera leo,15951,https://dx.doi.org/10.2305/IUCN.UK.2024-2.RLTS.T15951A266696959.en
266877470,Dipcadi ursulae,242376417,https://dx.doi.org/10.2305/IUCN.UK.2024-2.RLTS.T242376417A266877470.en
