internalTaxonId,imageUrl
22695494,https://res.cloudinary.com/df9kmgliw/image/upload/v1744189362/species_images/Accipiter%20butleri/349d96536119c721daf2d9fe98de2892.jpg
22695494,https://res.cloudinary.com/df9kmgliw/image/upload/v1744189363/species_images/Accipiter%20butleri/bf5f4edae7e3958dd2b4d98d5f925362.jpg
22695494,https://res.cloudinary.com/df9kmgliw/image/upload/v1744189364/species_images/Accipiter%20butleri/defad05a499d291a9ba98ff17e6ea3de.jpg
219,https://res.cloudinary.com/df9kmgliw/image/upload/v1744189365/species_images/Acinonyx%20jubatus/851275b53e99e8df98c35d08204f0f58.jpg
219,https://res.cloudinary.com/df9kmgliw/image/upload/v1744189366/species_images/Acinonyx%20jubatus/e50eee0bd9095402e6ebac26b2a26cf2.jpg
31220,https://res.cloudinary.com/df9kmgliw/image/upload/v1744189367/species_images/Actinodaphne%20bourneae/2926900f265ef43ce5a89d2fc395286b.jpg
31220,https://res.cloudinary.com/df9kmgliw/image/upload/v1744189368/species_images/Actinodaphne%20bourneae/dc4b9c7ca63dbcdbfc476f413ed2b4fb.jpg
157150683,https://res.cloudinary.com/df9kmgliw/image/upload/v1744189369/species_images/Actinodaphne%20longipes/06b17462ada36f656448dd05938498f6.jpg
157150683,https://res.cloudinary.com/df9kmgliw/image/upload/v1744189370/species_images/Actinodaphne%20longipes/58faca6d6a624cd8c30af0b3233cbfef.jpg
157150683,https://res.cloudinary.com/df9kmgliw/image/upload/v1744189371/species_images/Actinodaphne%20longipes/8a31cd5f6a7d1a4e68f5637d2223ed01.jpg
191547129,https://res.cloudinary.com/df9kmgliw/image/upload/v1744189372/species_images/Adelocaryum%20malabaricum/1bd8eae1cb2340265297ce247c6ff2cd.jpg
191547129,https://res.cloudinary.com/df9kmgliw/image/upload/v1744189373/species_images/Adelocaryum%20malabaricum/84261a176910078528ab11515d46d9bb.jpg
158638,https://res.cloudinary.com/df9kmgliw/image/upload/v1744189374/species_images/Amolops%20assamensis/608087b1b1646a41f85fcd9313aa6344.jpg
58203,https://res.cloudinary.com/df9kmgliw/image/upload/v1744189375/species_images/Amolops%20chakrataensis/db99fa4ce9c6ddfa9089cfcd2ad5a8ed.jpg
208598052,https://res.cloudinary.com/df9kmgliw/image/upload/v1744189376/species_images/Amolops%20monticola/759a535010c988b1540a0f94c2b646ae.jpg
191547570,https://res.cloudinary.com/df9kmgliw/image/upload/v1744189377/species_images/Amorphophallus%20smithsonianus/692ff41a162ec84129255768386a6044.jpg
191547570,https://res.cloudinary.com/df9kmgliw/image/upload/v1744189378/species_images/Amorphophallus%20smithsonianus/8bc9c3ed5fad710f57ba70704bc4d9c1.jpg
70205537,https://res.cloudinary.com/df9kmgliw/image/upload/v1744189379/species_images/Arctonyx%20collaris/6d1190847fd228110fc3ff1c4dbd54ba.jpg
22716358,https://res.cloudinary.com/df9kmgliw/image/upload/v1744189380/species_images/Argya%20longirostris/97fd81aafd456611ce807bc0bc8c21f2.jpg
22680064,https://res.cloudinary.com/df9kmgliw/image/upload/v1744189381/species_images/Asarcornis%20scutulata/8d152f26a06b1688612abfa25c28ed1d.jpg
22680064,https://res.cloudinary.com/df9kmgliw/image/upload/v1744189382/species_images/Asarcornis%20scutulata/a0b051a34024a95a1e537003c99e9abf.jpg
79719834,https://res.cloudinary.com/df9kmgliw/image/upload/v1744189383/species_images/Beddomixalus%20bijui/835d66be4e9b61d38e482630950fcfd9.jpg
79719834,https://res.cloudinary.com/df9kmgliw/image/upload/v1744189384/species_images/Beddomixalus%20bijui/defc9dc9f1ec70c154451b2c09ef68be.jpg
189700,https://res.cloudinary.com/df9kmgliw/image/upload/v1744189385/species_images/Beduka%20amboli/64ed0c8b2aaeeb74d4d75a9261c55b71.jpg
54684,https://res.cloudinary.com/df9kmgliw/image/upload/v1744189386/species_images/Beduka%20koynayensis/a07416d9eacb840edfeb5a9216187781.jpg
22685513,https://res.cloudinary.com/df9kmgliw/image/upload/v1744189387/species_images/Belocercus%20longicaudus/7eadeae4dbc08c7dfe16cf71e811e3dd.jpg
22685513,https://res.cloudinary.com/df9kmgliw/image/upload/v1744189388/species_images/Belocercus%20longicaudus/c97cbcb509f7160ec4af2e2721b4ba67.jpg
2888,https://res.cloudinary.com/df9kmgliw/image/upload/v1744189389/species_images/Bos%20javanicus/13189.jpg
2888,https://res.cloudinary.com/df9kmgliw/image/upload/v1744189390/species_images/Bos%20javanicus/153445987388489738.webp
2888,https://res.cloudinary.com/df9kmgliw/image/upload/v1744189391/species_images/Bos%20javanicus/360_F_481203949_oab8mxQCsYY1weoGHYLHLGnNqejsePkF.jpg
22693464,https://res.cloudinary.com/df9kmgliw/image/upload/v1744189392/species_images/Calidris%20falcinellus/5bb21e1abafbfc3c154b117d33e2dfbe.jpg
22693464,https://res.cloudinary.com/df9kmgliw/image/upload/v1744189393/species_images/Calidris%20falcinellus/938c48a769bb891897b857611c879276.jpg
22693464,https://res.cloudinary.com/df9kmgliw/image/upload/v1744189393/species_images/Calidris%20falcinellus/b67596cf0aa81b3ed178c235f1d7f967.jpg
22693431,https://res.cloudinary.com/df9kmgliw/image/upload/v1744189394/species_images/Calidris%20ferruginea/86f52d68a71069c91c5ebd6339e8a648.jpg
22693431,https://res.cloudinary.com/df9kmgliw/image/upload/v1744189395/species_images/Calidris%20ferruginea/9ba4f7203568477d50dc9035edc78279.jpg
22693431,https://res.cloudinary.com/df9kmgliw/image/upload/v1744189396/species_images/Calidris%20ferruginea/b4b8dccf293ded73cfdcc4960d1887c9.jpg
22693431,https://res.cloudinary.com/df9kmgliw/image/upload/v1744189397/species_images/Calidris%20ferruginea/c54bd2f7de71c3d644bb8394bcc21adb.jpg
22693447,https://res.cloudinary.com/df9kmgliw/image/upload/v1744189398/species_images/Calidris%20subruficollis/ed0f891a9c6577e3180eb2ef4904d753.jpg
22693447,https://res.cloudinary.com/df9kmgliw/image/upload/v1744189399/species_images/Calidris%20subruficollis/f9721b6749aa980a1e83685827f36ea2.jpg
22693447,https://res.cloudinary.com/df9kmgliw/image/upload/v1744189400/species_images/Calidris%20subruficollis/fcd86bfdaff3e4982550ccb36ee36e01.jpg
159051467,https://res.cloudinary.com/df9kmgliw/image/upload/v1744189401/species_images/Callicarpa%20moldenkeana/1f3225b51e03d76a00a75ab3369d7dd4.jpg
169056310,https://res.cloudinary.com/df9kmgliw/image/upload/v1744189402/species_images/Calophyllum%20austroindicum/bc6bc0671a00eb49acfe2b1b78c87239.jpg
169056310,https://res.cloudinary.com/df9kmgliw/image/upload/v1744189403/species_images/Calophyllum%20austroindicum/ea935714955088016aa4bc74b367104b.jpg
61987623,https://res.cloudinary.com/df9kmgliw/image/upload/v1744189404/species_images/Canarium%20euphyllum/232e8408b9e642e2f9ee303c41728e0d.jpg
61987623,https://res.cloudinary.com/df9kmgliw/image/upload/v1744189405/species_images/Canarium%20euphyllum/c22a49c37bdd39fb40a34787f03d7be1.jpg
61987623,https://res.cloudinary.com/df9kmgliw/image/upload/v1744189406/species_images/Canarium%20euphyllum/e1e333ce1026441b0fdf04d789d34758.jpg
169056981,https://res.cloudinary.com/df9kmgliw/image/upload/v1744189407/species_images/Capparis%20rheedei/bfdd714cf4da99946030d8b45074eab3.jpg
254095810,https://res.cloudinary.com/df9kmgliw/image/upload/v1744189408/species_images/Ceropegia%20evansii/827c37c520733b85e07ecfc1fb71617e.jpg
254095810,https://res.cloudinary.com/df9kmgliw/image/upload/v1744189409/species_images/Ceropegia%20evansii/9908b23f1db56e9c270bcbf7e26d559c.jpg
4615,https://res.cloudinary.com/df9kmgliw/image/upload/v1744189410/species_images/Chelonia%20mydas/361bc46097ef58be5147643c063941b0.jpg
4615,https://res.cloudinary.com/df9kmgliw/image/upload/v1744189411/species_images/Chelonia%20mydas/5e7504aed3474b33d5fdca6636b5bfff.jpg
58788,https://res.cloudinary.com/df9kmgliw/image/upload/v1744189412/species_images/Chirixalus%20dudhwaensis/c8ed082221881203a295a6c6bf0211cd.jpg
58788,https://res.cloudinary.com/df9kmgliw/image/upload/v1744189412/species_images/Chirixalus%20dudhwaensis/ee1db88f072f1212e06dd25fd288e6c7.jpg
228007388,https://res.cloudinary.com/df9kmgliw/image/upload/v1744189413/species_images/Croton%20gibsonianus/05eb7dd790fcbb886ad5c1ca0bc61d0d.jpg
179054974,https://res.cloudinary.com/df9kmgliw/image/upload/v1744189415/species_images/Dasymaschalon%20longiflorum/04da5331e8267881b2f85af6242072a0.jpg
179054974,https://res.cloudinary.com/df9kmgliw/image/upload/v1744189415/species_images/Dasymaschalon%20longiflorum/6d030fc47c3b24985c7114ec3087245d.jpg
179054974,https://res.cloudinary.com/df9kmgliw/image/upload/v1744189416/species_images/Dasymaschalon%20longiflorum/74ac88df10771223023a81757f768411.jpg
177962982,https://res.cloudinary.com/df9kmgliw/image/upload/v1744189417/species_images/Dipcadi%20goaense/42662b6ee4cb8a25ae1f1fd524c0be52.jpg
177962982,https://res.cloudinary.com/df9kmgliw/image/upload/v1744189418/species_images/Dipcadi%20goaense/43f17fd93315b54d63ae1ebc39c0a61f.jpg
177962982,https://res.cloudinary.com/df9kmgliw/image/upload/v1744189420/species_images/Dipcadi%20goaense/62d9a8840f0f3a6e25bd4b0efdc81e1d.jpg
191681904,https://res.cloudinary.com/df9kmgliw/image/upload/v1744189420/species_images/Distimake%20rhyncorhiza/015f13fa67c2b883a32a05de5880ce53.jpg
191681904,https://res.cloudinary.com/df9kmgliw/image/upload/v1744189421/species_images/Distimake%20rhyncorhiza/3c6e32b030b055170f25aeb9be9a1223.jpg
54584,https://res.cloudinary.com/df9kmgliw/image/upload/v1744189422/species_images/Duttaphrynus%20beddomii/7321bc42003bc880742e17227ef378d3.jpg
54593,https://res.cloudinary.com/df9kmgliw/image/upload/v1744189423/species_images/Duttaphrynus%20brevirostris/9e3131a46b67c824455c54ab6499009d.jpg
54593,https://res.cloudinary.com/df9kmgliw/image/upload/v1744189424/species_images/Duttaphrynus%20brevirostris/dc795269f2a7f243b97e8764cce30f72.jpg
33642,https://res.cloudinary.com/df9kmgliw/image/upload/v1744189425/species_images/Elaeocarpus%20recurvatus/b3c693dd71f816f29e44b8636a0d9b01.jpg
226499453,https://res.cloudinary.com/df9kmgliw/image/upload/v1744189426/species_images/Elaeocarpus%20weibelii/353db39ecb845e45ceab82559bb248ff.jpg
226499453,https://res.cloudinary.com/df9kmgliw/image/upload/v1744189428/species_images/Elaeocarpus%20weibelii/4d00ad28bcd4e0de4c73f1f005de343c.jpg
186884978,https://res.cloudinary.com/df9kmgliw/image/upload/v1744189428/species_images/Eulophia%20obtusa/0045b1bfee2b2d3fbb1b8f94e81ce22a.jpg
186884978,https://res.cloudinary.com/df9kmgliw/image/upload/v1744189429/species_images/Eulophia%20obtusa/e84f31f7cc63e94cb0eb61105790dc1b.jpg
87739247,https://res.cloudinary.com/df9kmgliw/image/upload/v1744189430/species_images/Ghatixalus%20magnus/1328566b4d58b69b365124347a0e806d.jpg
87739247,https://res.cloudinary.com/df9kmgliw/image/upload/v1744189431/species_images/Ghatixalus%20magnus/4fe42455651861c7d0d8297195543659.jpg
87739247,https://res.cloudinary.com/df9kmgliw/image/upload/v1744189432/species_images/Ghatixalus%20magnus/aabb6d4d3af096085307fc15549cfdb2.jpg
59027,https://res.cloudinary.com/df9kmgliw/image/upload/v1744189433/species_images/Ghatixalus%20variabilis/1ff6c9a3a6b2d6eed501a3950897b7a6.jpg
59027,https://res.cloudinary.com/df9kmgliw/image/upload/v1744189434/species_images/Ghatixalus%20variabilis/8d1292ca9d2a5286176541790413e622.jpg
54478,https://res.cloudinary.com/df9kmgliw/image/upload/v1744189436/species_images/Ghatophryne%20ornata/128b5b2ad4a6d78989dfca68830f3529.jpg
54478,https://res.cloudinary.com/df9kmgliw/image/upload/v1744189436/species_images/Ghatophryne%20ornata/a7e0df394451732a036e6c14c9c084f3.jpg
54478,https://res.cloudinary.com/df9kmgliw/image/upload/v1744189438/species_images/Ghatophryne%20ornata/a8a1929bbf1c2d2f8cac70387afb156b.jpg
31187,https://res.cloudinary.com/df9kmgliw/image/upload/v1744189439/species_images/Humboldtia%20bourdillonii/9cf7422f4bc3ded548564dd60480e013.jpg
201030934,https://res.cloudinary.com/df9kmgliw/image/upload/v1744189440/species_images/Humboldtia%20brunonis/075c46fb77d6130c89c427438234cc16.jpg
201030934,https://res.cloudinary.com/df9kmgliw/image/upload/v1744189441/species_images/Humboldtia%20brunonis/77d50fd38082ed0258ffdab182482efb.jpg
209668480,https://res.cloudinary.com/df9kmgliw/image/upload/v1744189442/species_images/Hylarana%20aurantiaca/96db53f869319f4b46d5273491dc6cb2.jpg
73788782,https://res.cloudinary.com/df9kmgliw/image/upload/v1744189443/species_images/Hylarana%20caesari/44373bc5c603307e5de6c6b67feb979c.jpg
73788833,https://res.cloudinary.com/df9kmgliw/image/upload/v1744189444/species_images/Hylarana%20magna/566058788c7e6148b7701fbd8049f032.jpg
73788833,https://res.cloudinary.com/df9kmgliw/image/upload/v1744189445/species_images/Hylarana%20magna/c0e4a4fd79815f0dacc7d4a4c5f5fbd7.jpg
239578975,https://res.cloudinary.com/df9kmgliw/image/upload/v1744189446/species_images/Impatiens%20parasitica/52dd2a75e2b5559dbd5e0fb18a425657.jpg
239578975,https://res.cloudinary.com/df9kmgliw/image/upload/v1744189447/species_images/Impatiens%20parasitica/daa05283a4a6b7c4d54b9955e179d21c.jpg
197660098,https://res.cloudinary.com/df9kmgliw/image/upload/v1744189448/species_images/Indirana%20beddomii/4dbc164b94d9439688b87f005774f0e8.jpg
119243084,https://res.cloudinary.com/df9kmgliw/image/upload/v1744189448/species_images/Indirana%20paramakri/2da26110d4ce501320aa895d49393403.jpg
119243084,https://res.cloudinary.com/df9kmgliw/image/upload/v1744189449/species_images/Indirana%20paramakri/4a72a70e374d63a7ac5b8bec2ef68f18.jpg
119243084,https://res.cloudinary.com/df9kmgliw/image/upload/v1744189451/species_images/Indirana%20paramakri/4f92e970418ae3897da46008dd83cbd3.jpg
119243159,https://res.cloudinary.com/df9kmgliw/image/upload/v1744189452/species_images/Indirana%20tysoni/5488720b6b5d352d7623e4c8a536d967.jpg
119243159,https://res.cloudinary.com/df9kmgliw/image/upload/v1744189453/species_images/Indirana%20tysoni/75019960da0f2de181d4557b0c5481fd.jpg
119243173,https://res.cloudinary.com/df9kmgliw/image/upload/v1744189454/species_images/Indirana%20yadera/d2f42372f298cf427b1e9db668666396.jpg
58571,https://res.cloudinary.com/df9kmgliw/image/upload/v1744189455/species_images/Ingerana%20charlesdarwini/5700787dddbec65ee30b46ecb4464fd8.jpg
58571,https://res.cloudinary.com/df9kmgliw/image/upload/v1744189456/species_images/Ingerana%20charlesdarwini/a4515b36c72c85bb4fe69f0e5276f9b6.jpg
61780183,https://res.cloudinary.com/df9kmgliw/image/upload/v1744189456/species_images/Lagerstroemia%20hypoleuca/c0b8b341598eb0575c1c23a40f5ab1dd.jpg
61780183,https://res.cloudinary.com/df9kmgliw/image/upload/v1744189457/species_images/Lagerstroemia%20hypoleuca/c6383333142e03bdb615dd6692ef426d.jpg
149682598,https://res.cloudinary.com/df9kmgliw/image/upload/v1744189458/species_images/Leptobrachella%20lateralis/420911ae52160612cf79f336365ddae3.jpg
22734628,https://res.cloudinary.com/df9kmgliw/image/upload/v1744189459/species_images/Liocichla%20bugunorum/85c77924fac74f1e9b394e8807a63bff.jpg
22734628,https://res.cloudinary.com/df9kmgliw/image/upload/v1744189460/species_images/Liocichla%20bugunorum/d8a6f452e5aaed678fedf36ae248af9b.jpg
22734628,https://res.cloudinary.com/df9kmgliw/image/upload/v1744189460/species_images/Liocichla%20bugunorum/e2e27c3787071eb8bab1e834381c3539.jpg
153115088,https://res.cloudinary.com/df9kmgliw/image/upload/v1744189462/species_images/Litsea%20oleoides/0c3850363cfec04bc6490cebb981335e.jpg
153115088,https://res.cloudinary.com/df9kmgliw/image/upload/v1744189462/species_images/Litsea%20oleoides/6bed38f4bfdbe1b5ee97f2b9e88105e3.jpg
153115088,https://res.cloudinary.com/df9kmgliw/image/upload/v1744189463/species_images/Litsea%20oleoides/8ef42ab814fa147513afc71e5473b72f.jpg
175597058,https://res.cloudinary.com/df9kmgliw/image/upload/v1744189464/species_images/Machilus%20kingii/c56f04d307e2fa7807f2d0fc52bfe5f5.jpg
181140345,https://res.cloudinary.com/df9kmgliw/image/upload/v1744189465/species_images/Megophrys%20awuh/8cb911903b69688cd7f6bfd2ccdc7aa4.jpg
181140345,https://res.cloudinary.com/df9kmgliw/image/upload/v1744189467/species_images/Megophrys%20awuh/94eabbe1607e3014b9d600dcc67c41fe.jpg
150087536,https://res.cloudinary.com/df9kmgliw/image/upload/v1744189468/species_images/Megophrys%20flavipunctata/62b7cd8f90bdebecf54ccb481702c3f1.jpg
150087536,https://res.cloudinary.com/df9kmgliw/image/upload/v1744189468/species_images/Megophrys%20flavipunctata/64cae656f84e5aafb99ec6c019c9fc4d.jpg
150087712,https://res.cloudinary.com/df9kmgliw/image/upload/v1744189469/species_images/Megophrys%20himalayana/1957b263b6af0c88633c04e5e04d85cf.jpg
150087712,https://res.cloudinary.com/df9kmgliw/image/upload/v1744189470/species_images/Megophrys%20himalayana/b0c9029c18b961cde7435370fdb572f1.jpg
48872923,https://res.cloudinary.com/df9kmgliw/image/upload/v1744189471/species_images/Megophrys%20megacephala/ca4a5b2234695034b740fe3cd5708134.jpg
48872923,https://res.cloudinary.com/df9kmgliw/image/upload/v1744189472/species_images/Megophrys%20megacephala/e4365120ff42e6078c5034ffac7e6cac.jpg
150087877,https://res.cloudinary.com/df9kmgliw/image/upload/v1744189473/species_images/Megophrys%20oreocrypta/b52d82a75db242a548c49b78367a2f01.jpg
79080668,https://res.cloudinary.com/df9kmgliw/image/upload/v1744189474/species_images/Megophrys%20oropedion/47522e31ee9a85a527df46464b2c0fd0.jpg
79095367,https://res.cloudinary.com/df9kmgliw/image/upload/v1744189475/species_images/Mercurana%20myristicapalustris/5d7c84fe0aea64e6f677ee68810014e5.jpg
79095367,https://res.cloudinary.com/df9kmgliw/image/upload/v1744189476/species_images/Mercurana%20myristicapalustris/a848170b76e78961c28e1e210634f462.jpg
61987931,https://res.cloudinary.com/df9kmgliw/image/upload/v1744189477/species_images/Mesua%20ferrea/1a4e947042486ebeced1a1f0c9d815f9.jpg
73964539,https://res.cloudinary.com/df9kmgliw/image/upload/v1744189478/species_images/Micrixalus%20adonis/abd08055c47719c2af715b158f7b747b.jpg
58377,https://res.cloudinary.com/df9kmgliw/image/upload/v1744189479/species_images/Micrixalus%20elegans/caecf68a6c1acff1748743799bbee4cb.jpg
73967876,https://res.cloudinary.com/df9kmgliw/image/upload/v1744189480/species_images/Micrixalus%20frigidus/664a9b3f8d4c05f9b5e28523df38cce0.jpg
73972049,https://res.cloudinary.com/df9kmgliw/image/upload/v1744189481/species_images/Micrixalus%20fuscus/65c04a1496c5ffe43964879efecc473a.jpg
73972049,https://res.cloudinary.com/df9kmgliw/image/upload/v1744189482/species_images/Micrixalus%20fuscus/6cd9afd5dc17f26e4d7f4df2a3d6c774.jpg
58379,https://res.cloudinary.com/df9kmgliw/image/upload/v1744189483/species_images/Micrixalus%20gadgili/3e0633f9a21ba68c6c9c33fda2bf77ad.jpg
58379,https://res.cloudinary.com/df9kmgliw/image/upload/v1744189484/species_images/Micrixalus%20gadgili/52fe1e15934e46709473d08326e19582.jpg
73972645,https://res.cloudinary.com/df9kmgliw/image/upload/v1744189485/species_images/Micrixalus%20herrei/e433dcc9422f324a57ea4638f8641720.jpg
88369128,https://res.cloudinary.com/df9kmgliw/image/upload/v1744189486/species_images/Micrixalus%20kottigeharensis/33572ab27300ef8380918c1b804fd0a3.jpg
88369128,https://res.cloudinary.com/df9kmgliw/image/upload/v1744189487/species_images/Micrixalus%20kottigeharensis/664f762a243dd3046cd691aa4f0858e8.jpg
73959431,https://res.cloudinary.com/df9kmgliw/image/upload/v1744189488/species_images/Micrixalus%20kurichiyari/11aa0b8214dae765e018c79e272b911f.jpg
73959431,https://res.cloudinary.com/df9kmgliw/image/upload/v1744189489/species_images/Micrixalus%20kurichiyari/fc9cc8bb01a3fb5eaa4b6ad97435cacd.jpg
73965400,https://res.cloudinary.com/df9kmgliw/image/upload/v1744189490/species_images/Micrixalus%20mallani/0c3e007237c8aa9f90a6bc5e9f06ce1c.jpg
73960040,https://res.cloudinary.com/df9kmgliw/image/upload/v1744189491/species_images/Micrixalus%20sairandhri/e15dd2a28a4bfcb5c5ae8de28385f9b9.jpg
58385,https://res.cloudinary.com/df9kmgliw/image/upload/v1744189492/species_images/Micrixalus%20silvaticus/dfc0cb04e60eb2adb903f2f1c0a1e295.jpg
73971314,https://res.cloudinary.com/df9kmgliw/image/upload/v1744189493/species_images/Micrixalus%20specca/27ef95744979ce65b2421ae7f7816f63.jpg
73971314,https://res.cloudinary.com/df9kmgliw/image/upload/v1744189495/species_images/Micrixalus%20specca/3a1b1121a740253dca7504959b7e5b09.jpg
73961281,https://res.cloudinary.com/df9kmgliw/image/upload/v1744189496/species_images/Micrixalus%20spelunca/2d68271f5df5b67e8688ce83e370110e.jpg
58387,https://res.cloudinary.com/df9kmgliw/image/upload/v1744189496/species_images/Micrixalus%20thampii/21b5c48b82ffa85d69ad0af0a1d02668.jpg
58387,https://res.cloudinary.com/df9kmgliw/image/upload/v1744189497/species_images/Micrixalus%20thampii/a3c5ad81d57d1b99e6576692c2b4f852.jpg
150088659,https://res.cloudinary.com/df9kmgliw/image/upload/v1744189498/species_images/Microhyla%20laterite/28613d2010a674b9175274bbfc79fc5e.jpg
58273,https://res.cloudinary.com/df9kmgliw/image/upload/v1744189499/species_images/Minervarya%20keralensis/15448debeda32217ba9269f691b45feb.jpg
48886608,https://res.cloudinary.com/df9kmgliw/image/upload/v1744189500/species_images/Minervarya%20sengupti/54669632f399a9da314faab9c9f9de0b.jpg
48886608,https://res.cloudinary.com/df9kmgliw/image/upload/v1744189501/species_images/Minervarya%20sengupti/8ed386b224e1e9430a50cde9a54c7a91.jpg
103874145,https://res.cloudinary.com/df9kmgliw/image/upload/v1744189501/species_images/Montecincla%20jerdoni/1af1b33d7063794ddc79a44d343c6e45.jpg
103874145,https://res.cloudinary.com/df9kmgliw/image/upload/v1744189503/species_images/Montecincla%20jerdoni/58ba945e4f07e13a936bd000d5243198.jpg
103874145,https://res.cloudinary.com/df9kmgliw/image/upload/v1744189504/species_images/Montecincla%20jerdoni/5dd9ecc734f34213f11935a43b160e90.jpg
103874145,https://res.cloudinary.com/df9kmgliw/image/upload/v1744189505/species_images/Montecincla%20jerdoni/93cd90e3a1e6b31b5a5983f7a7c56083.jpg
103874754,https://res.cloudinary.com/df9kmgliw/image/upload/v1744189505/species_images/Montecincla%20meridionalis/124e7c17ce8e2c69d6216f6af947f5e9.jpg
103874754,https://res.cloudinary.com/df9kmgliw/image/upload/v1744189506/species_images/Montecincla%20meridionalis/1e76d85e1c968e5fc8c64af704a6e989.jpg
22681585,https://res.cloudinary.com/df9kmgliw/image/upload/v1744189507/species_images/Mulleripicus%20pulverulentus/30ddde43a4171dd1dd1f802fcfd180c2.jpg
22681585,https://res.cloudinary.com/df9kmgliw/image/upload/v1744189508/species_images/Mulleripicus%20pulverulentus/6634754629baed2b7e297ca085b2d436.jpg
22681585,https://res.cloudinary.com/df9kmgliw/image/upload/v1744189508/species_images/Mulleripicus%20pulverulentus/9f36607fe9684f2d0addb401e37d265b.jpg
22681585,https://res.cloudinary.com/df9kmgliw/image/upload/v1744189510/species_images/Mulleripicus%20pulverulentus/bccd99534cdab64b8e4962f02fa9dab3.jpg
22681585,https://res.cloudinary.com/df9kmgliw/image/upload/v1744189510/species_images/Mulleripicus%20pulverulentus/fd97159da0734bf2fb9a21bbcf86e895.jpg
37314,https://res.cloudinary.com/df9kmgliw/image/upload/v1744189512/species_images/Myristica%20magnifica/ad3d591f62b1287744f2f81153396e80.jpg
31219,https://res.cloudinary.com/df9kmgliw/image/upload/v1744189513/species_images/Myristica%20malabarica/83a673f4c8d235a8da19438f258a44be.jpg
31219,https://res.cloudinary.com/df9kmgliw/image/upload/v1744189513/species_images/Myristica%20malabarica/905faaa58057eca42c1850176897f4ed.jpg
149680126,https://res.cloudinary.com/df9kmgliw/image/upload/v1744189514/species_images/Mysticellus%20franki/6bac34799df64ef06b493bf3b255cf18.jpg
58395,https://res.cloudinary.com/df9kmgliw/image/upload/v1744189515/species_images/Nyctibatrachus%20aliciae/d343708ac2c33d2cd9804382f8433389.jpg
88378424,https://res.cloudinary.com/df9kmgliw/image/upload/v1744189516/species_images/Nyctibatrachus%20beddomii/3a022325152057991eafd5adc2343ddb.jpg
173018,https://res.cloudinary.com/df9kmgliw/image/upload/v1744189516/species_images/Nyctibatrachus%20dattatreyaensis/0af84d103ab020231d1cb99c2feeed34.jpg
48874314,https://res.cloudinary.com/df9kmgliw/image/upload/v1744189517/species_images/Nyctibatrachus%20deveni/3a03b1fd68cbbee16228f75042c82a72.jpg
48874286,https://res.cloudinary.com/df9kmgliw/image/upload/v1744189518/species_images/Nyctibatrachus%20gavi/ddc2f8a8d93ba205d928dc4c8e17f7cc.jpg
48874266,https://res.cloudinary.com/df9kmgliw/image/upload/v1744189519/species_images/Nyctibatrachus%20grandis/cdebabcdda1f5fde76a5f9b84dbf5ade.jpg
48874250,https://res.cloudinary.com/df9kmgliw/image/upload/v1744189520/species_images/Nyctibatrachus%20indraneili/36ff17ec2aae2a9e40eed72647e015ef.jpg
48874225,https://res.cloudinary.com/df9kmgliw/image/upload/v1744189521/species_images/Nyctibatrachus%20jog/15931dd06be9d9741cadf270c17e0d72.jpg
48874225,https://res.cloudinary.com/df9kmgliw/image/upload/v1744189521/species_images/Nyctibatrachus%20jog/55543d6a6de6a4a21cca3008ffda902a.jpg
78521208,https://res.cloudinary.com/df9kmgliw/image/upload/v1744189522/species_images/Nyctibatrachus%20kumbara/07ef1776a1ed80a0bc412a2ed3b6ae60.jpg
78521208,https://res.cloudinary.com/df9kmgliw/image/upload/v1744189524/species_images/Nyctibatrachus%20kumbara/0ba2a2121b41fb2d8bf95ba6ac4203cf.jpg
136045,https://res.cloudinary.com/df9kmgliw/image/upload/v1744189525/species_images/Nyctibatrachus%20minimus/2699a60a893243ea862f9ef956b90f53.jpg
58402,https://res.cloudinary.com/df9kmgliw/image/upload/v1744189526/species_images/Nyctibatrachus%20minor/01e3dec7d7680f6a64fde08167a5588d.jpg
48874189,https://res.cloudinary.com/df9kmgliw/image/upload/v1744189527/species_images/Nyctibatrachus%20pillaii/6f53aab6b5a32a13833546b344be74df.jpg
112691330,https://res.cloudinary.com/df9kmgliw/image/upload/v1744189527/species_images/Nyctibatrachus%20pulivijayani/302765f772fffa7e7a1bb58b070aab30.jpg
58403,https://res.cloudinary.com/df9kmgliw/image/upload/v1744189529/species_images/Nyctibatrachus%20sanctipalustris/3a8add68f6bb459b109f4bd905011d68.jpg
48873111,https://res.cloudinary.com/df9kmgliw/image/upload/v1744189530/species_images/Nyctibatrachus%20vrijeuni/3418a1b69029780ac9f0b295c8fdf9d4.jpg
48873111,https://res.cloudinary.com/df9kmgliw/image/upload/v1744189530/species_images/Nyctibatrachus%20vrijeuni/583c14023cfd96ca8f587d297c93d4aa.jpg
129335824,https://res.cloudinary.com/df9kmgliw/image/upload/v1744189531/species_images/Palaquium%20polyanthum/31c7eb528f2f56a2bfea16e0e6abe1ed.jpg
15951,https://res.cloudinary.com/df9kmgliw/image/upload/v1744189532/species_images/Panthera%20leo/african-lion-panthera-leo-male-san-diego-zoo.jpg
15951,https://res.cloudinary.com/df9kmgliw/image/upload/v1744189533/species_images/Panthera%20leo/lion-14360_640.jpg
15951,https://res.cloudinary.com/df9kmgliw/image/upload/v1744189534/species_images/Panthera%20leo/lion-8783377_1920.jpg
15954,https://res.cloudinary.com/df9kmgliw/image/upload/v1744189535/species_images/Panthera%20pardus/2e4705c28d3cd9407c6e083516da9dd7.jpg
15954,https://res.cloudinary.com/df9kmgliw/image/upload/v1744189535/species_images/Panthera%20pardus/39890709d55a37fc9ea59c62fe134c77.jpg
15954,https://res.cloudinary.com/df9kmgliw/image/upload/v1744189536/species_images/Panthera%20pardus/f520b1290d8b9f586e804eaa19f11f21.jpg
22716795,https://res.cloudinary.com/df9kmgliw/image/upload/v1744189537/species_images/Paradoxornis%20flavirostris/20a1d5726ef6a0ce4f8174a749f2ce25.jpg
22716795,https://res.cloudinary.com/df9kmgliw/image/upload/v1744189538/species_images/Paradoxornis%20flavirostris/eabbe9de81c13a4e33c772f2699e36ba.jpg
22715856,https://res.cloudinary.com/df9kmgliw/image/upload/v1744189539/species_images/Pellorneum%20palustre/2727a0694930ecbb30b6c62c7e7a009c.jpg
22715856,https://res.cloudinary.com/df9kmgliw/image/upload/v1744189541/species_images/Pellorneum%20palustre/3241310b022eb0ce150c8614c3b27cf8.jpg
22715856,https://res.cloudinary.com/df9kmgliw/image/upload/v1744189542/species_images/Pellorneum%20palustre/5bf63f997f3a2f63fd3b98e410fcbb51.jpg
22679012,https://res.cloudinary.com/df9kmgliw/image/upload/v1744189543/species_images/Perdicula%20manipurensis/c025740d202aaceca176d7ae6df3793d.jpg
22679012,https://res.cloudinary.com/df9kmgliw/image/upload/v1744189544/species_images/Perdicula%20manipurensis/d5328926bfcf874b7e5ee456149b4743.jpg
22679012,https://res.cloudinary.com/df9kmgliw/image/upload/v1744189545/species_images/Perdicula%20manipurensis/e69035707f3a225743b5ccdc1c5a7ee7.jpg
58876,https://res.cloudinary.com/df9kmgliw/image/upload/v1744189546/species_images/Philautus%20namdaphaensis/1f3b0550b67cee687458300c90037955.jpg
177756483,https://res.cloudinary.com/df9kmgliw/image/upload/v1744189547/species_images/Phoebe%20bootanica/214c9e264840dc3ba9ecd397bde86abc.jpg
22693749,https://res.cloudinary.com/df9kmgliw/image/upload/v1744189548/species_images/Pluvialis%20squatarola/2d9280181f83bdac1f362559a5504c66.jpg
22693749,https://res.cloudinary.com/df9kmgliw/image/upload/v1744189548/species_images/Pluvialis%20squatarola/7254463bb65acb28cdc9499d87289891.jpg
22693749,https://res.cloudinary.com/df9kmgliw/image/upload/v1744189549/species_images/Pluvialis%20squatarola/7be433c7e3539f6c5aac15d92a1ddbd1.jpg
61985348,https://res.cloudinary.com/df9kmgliw/image/upload/v1744189550/species_images/Podophyllum%20hexandrum/a02ac96465ffc7d6a8b4784b9f0faba2.jpg
177944393,https://res.cloudinary.com/df9kmgliw/image/upload/v1744189551/species_images/Premna%20milleflora/2ee8620bfe9adc71366d2e9cf8b9e48c.jpg
177944393,https://res.cloudinary.com/df9kmgliw/image/upload/v1744189552/species_images/Premna%20milleflora/ce05b4380333d7412d7c4911cd3f3082.jpg
73786986,https://res.cloudinary.com/df9kmgliw/image/upload/v1744189553/species_images/Raorchestes%20aureus/12b5e3f9256aa2d481acb02a5138073d.jpg
73787038,https://res.cloudinary.com/df9kmgliw/image/upload/v1744189554/species_images/Raorchestes%20blandus/1adc5f8b5ca1b271371f88005837ff90.jpg
58829,https://res.cloudinary.com/df9kmgliw/image/upload/v1744189554/species_images/Raorchestes%20chalazodes/63ed6aa86f08a280d2dbd9cb4b8af924.jpg
186160,https://res.cloudinary.com/df9kmgliw/image/upload/v1744189555/species_images/Raorchestes%20chotta/b5f29292cad7294cb147a655212ca94a.jpg
187830,https://res.cloudinary.com/df9kmgliw/image/upload/v1744189556/species_images/Raorchestes%20chromasynchysi/a67f911e50c9f1c2ac4a829d8e32b43a.jpg
186161,https://res.cloudinary.com/df9kmgliw/image/upload/v1744189557/species_images/Raorchestes%20coonoorensis/208a3727c810d87f087e2a1c218b93c5.jpg
73787369,https://res.cloudinary.com/df9kmgliw/image/upload/v1744189558/species_images/Raorchestes%20echinatus/fdd33def56bb1143353a8c075306bfe9.jpg
87739329,https://res.cloudinary.com/df9kmgliw/image/upload/v1744189559/species_images/Raorchestes%20flaviventris/a1f991f01ceb215bc310b9d91f7b1d21.jpg
58847,https://res.cloudinary.com/df9kmgliw/image/upload/v1744189560/species_images/Raorchestes%20glandulosus/676358d6fee589cce44da3110f84e8f1.jpg
186163,https://res.cloudinary.com/df9kmgliw/image/upload/v1744189561/species_images/Raorchestes%20kaikatti/e8be678e5b170db70e9bd4b7e1c73c33.jpg
186165,https://res.cloudinary.com/df9kmgliw/image/upload/v1744189562/species_images/Raorchestes%20marki/a3c2827266e79534ca145ce8008a1779.jpg
61885,https://res.cloudinary.com/df9kmgliw/image/upload/v1744189563/species_images/Raorchestes%20nerostagona/030b7173a2c85eef9471321c84cb22b5.jpg
61885,https://res.cloudinary.com/df9kmgliw/image/upload/v1744189563/species_images/Raorchestes%20nerostagona/9409ffa76a5c8c6e5d701d88c4b332f7.jpg
189814,https://res.cloudinary.com/df9kmgliw/image/upload/v1744189564/species_images/Raorchestes%20resplendens/a725a3714f0f35f0735c9d242d486db5.jpg
189814,https://res.cloudinary.com/df9kmgliw/image/upload/v1744189565/species_images/Raorchestes%20resplendens/d0e0be814850039a9c0c52e989504ec4.jpg
58903,https://res.cloudinary.com/df9kmgliw/image/upload/v1744189566/species_images/Raorchestes%20signatus/0aef97787463a1be9f635260d996fd3a.jpg
58903,https://res.cloudinary.com/df9kmgliw/image/upload/v1744189567/species_images/Raorchestes%20signatus/1e54c1d793fa7fa446925ebf4e1b9ca9.jpg
186166,https://res.cloudinary.com/df9kmgliw/image/upload/v1744189568/species_images/Raorchestes%20sushili/126eb63a4083645a8a829811aae0b5c9.jpg
186166,https://res.cloudinary.com/df9kmgliw/image/upload/v1744189569/species_images/Raorchestes%20sushili/17f67dd51454a9ea3913c4215c0bf1f9.jpg
58927,https://res.cloudinary.com/df9kmgliw/image/upload/v1744189570/species_images/Raorchestes%20travancoricus/0555b6f53d61f192542d944813af56a9.jpg
202483877,https://res.cloudinary.com/df9kmgliw/image/upload/v1744189571/species_images/Semecarpus%20kurzii/30fd48acdbcf425c483723b20ef040be.jpg
31275,https://res.cloudinary.com/df9kmgliw/image/upload/v1744189572/species_images/Sloanea%20tomentosa/233171befea5b4bd1f8556dad7eba703.jpg
31275,https://res.cloudinary.com/df9kmgliw/image/upload/v1744189573/species_images/Sloanea%20tomentosa/3b18b6b63ec95c4ffdfbf31cbb35ef2f.jpg
82031633,https://res.cloudinary.com/df9kmgliw/image/upload/v1744189574/species_images/Sousa%20plumbea/10e6dcb1f86cc547c55159dbed02be2e.jpg
82031633,https://res.cloudinary.com/df9kmgliw/image/upload/v1744189575/species_images/Sousa%20plumbea/4de468b66af368a284c306dad35fb95c.jpg
22729465,https://res.cloudinary.com/df9kmgliw/image/upload/v1744189576/species_images/Spilornis%20klossi/3e5b26d5d64294d663eb5008fb417bdb.jpg
22729465,https://res.cloudinary.com/df9kmgliw/image/upload/v1744189576/species_images/Spilornis%20klossi/ac3b899ba360fe355a80f8ec045d757a.jpg
239578615,https://res.cloudinary.com/df9kmgliw/image/upload/v1744189578/species_images/Strobilanthes%20kunthiana/fa637424fef8a580e56f071bd0c0e246.jpg
22679330,https://res.cloudinary.com/df9kmgliw/image/upload/v1744189579/species_images/Syrmaticus%20humiae/1f98155fc19047a9b3933837f12b9c69.jpg
22679330,https://res.cloudinary.com/df9kmgliw/image/upload/v1744189580/species_images/Syrmaticus%20humiae/41c5415cd312fe9ef1ec6851731e85f0.jpg
22679330,https://res.cloudinary.com/df9kmgliw/image/upload/v1744189580/species_images/Syrmaticus%20humiae/fcfdbb7dbdd7ad2b4f3945d0f233c7b8.jpg
32866,https://res.cloudinary.com/df9kmgliw/image/upload/v1744189581/species_images/Syzygium%20bourdillonii/1dac48194877892f9164cd36f71a8147.jpg
30891,https://res.cloudinary.com/df9kmgliw/image/upload/v1744189582/species_images/Syzygium%20neesianum/365d28b6abf2140f11dbb946ffbe2354.jpg
31199,https://res.cloudinary.com/df9kmgliw/image/upload/v1744189583/species_images/Syzygium%20occidentale/bb86fd8fab00f3af8145bd92a7b4aedc.jpg
31200,https://res.cloudinary.com/df9kmgliw/image/upload/v1744189583/species_images/Syzygium%20palghatense/e6f67eae7083d5e3d81d27ba8baf4790.jpg
38821,https://res.cloudinary.com/df9kmgliw/image/upload/v1744189584/species_images/Syzygium%20parameswaranii/36637bd2413f8afee3b8a6b9fde0369a.jpg
201031081,https://res.cloudinary.com/df9kmgliw/image/upload/v1744189585/species_images/Syzygium%20periyarense/1350901d43705e2f4a125b61aaddf085.jpg
201031081,https://res.cloudinary.com/df9kmgliw/image/upload/v1744189586/species_images/Syzygium%20periyarense/a214cec1f2b7a82cb705ee4e0a9a73b2.jpg
253632034,https://res.cloudinary.com/df9kmgliw/image/upload/v1744189587/species_images/Syzygium%20stocksii/32879043be7c9eb587e71086140edb3e.jpg
224101709,https://res.cloudinary.com/df9kmgliw/image/upload/v1744189588/species_images/Syzygium%20venustum/017ba45ab7f6c0bbbe61408a48485602.jpg
224101709,https://res.cloudinary.com/df9kmgliw/image/upload/v1744189588/species_images/Syzygium%20venustum/23f9836d322a6bddb22b642e50af021f.jpg
22037,https://res.cloudinary.com/df9kmgliw/image/upload/v1744189589/species_images/Trachypithecus%20geei/48.jpg
22037,https://res.cloudinary.com/df9kmgliw/image/upload/v1744189590/species_images/Trachypithecus%20geei/golden-langur-6888938_1280.jpg
22041,https://res.cloudinary.com/df9kmgliw/image/upload/v1744189591/species_images/Trachypithecus%20pileatus/CERCOPITHECIDAE%2B-%2BTrachypithecus%2Bpileatus%2Btenebricus%2B-%2BTENEBROUS%2BCAPPED%2BLANGUR%2B-%2BKAZIRANGA%2BNATIONAL%2BPARK%2BASSAM%2BINDIA%2B%2840%29.jpg
22041,https://res.cloudinary.com/df9kmgliw/image/upload/v1744189591/species_images/Trachypithecus%20pileatus/Trachypithecus_pileatus_171765344.jpg
22693225,https://res.cloudinary.com/df9kmgliw/image/upload/v1744189592/species_images/Tringa%20guttifer/36cd726e6afe6a29a68a838fd3088b7a.jpg
22693225,https://res.cloudinary.com/df9kmgliw/image/upload/v1744189593/species_images/Tringa%20guttifer/397c60567e60c41985e6d8a0ffed2504.jpg
22693225,https://res.cloudinary.com/df9kmgliw/image/upload/v1744189594/species_images/Tringa%20guttifer/854e53b9ca0b9355229b6e182c4b0117.jpg
224109482,https://res.cloudinary.com/df9kmgliw/image/upload/v1744189594/species_images/Vaccinium%20piliferum/63b523c50205cea4d8e106bf92da2fb0.jpg
31170,https://res.cloudinary.com/df9kmgliw/image/upload/v1744189595/species_images/Vateria%20macrocarpa/55f9f0e2b90fdca65182cfd7de628451.jpg
31170,https://res.cloudinary.com/df9kmgliw/image/upload/v1744189596/species_images/Vateria%20macrocarpa/6fa892306017992379fb5f83fe22a3b3.jpg
58312,https://res.cloudinary.com/df9kmgliw/image/upload/v1744189597/species_images/Walkerana%20leptodactyla/1f15da375ca647aa3d04974bd1de20f0.jpg
58312,https://res.cloudinary.com/df9kmgliw/image/upload/v1744189598/species_images/Walkerana%20leptodactyla/6fd4d8dbf984c9aa5c5f2af3aa0007aa.jpg
58312,https://res.cloudinary.com/df9kmgliw/image/upload/v1744189599/species_images/Walkerana%20leptodactyla/847a025b1e68b447709ff202106beefc.jpg
58314,https://res.cloudinary.com/df9kmgliw/image/upload/v1744189600/species_images/Walkerana%20phrynoderma/26c9b068f0517ba06c9145825c7012b6.jpg
58314,https://res.cloudinary.com/df9kmgliw/image/upload/v1744189600/species_images/Walkerana%20phrynoderma/3f5cf768d1ae24663fb24e12f56b252f.jpg
